COUNTY,CITY
 ANDERSON , CAYUGA
 ANDERSON , ELKHART
 ANDERSON , FRANKSTON
 ANDERSON , MONTALBA
 ANDERSON , PALESTINE
 ANDREWS , ANDREWS
 ANGELINA , BURKE
 ANGELINA , DIBOLL
 ANGELINA , HUNTINGTON
 ANGELINA , LUFKIN
 ANGELINA , POLLOK
 ANGELINA , ZAVALLA
 ARANSAS , ARANSAS PASS
 ARANSAS , FULTON
 ARANSAS , ROCKPORT
 ARCHER , ARCHER CITY
 ARCHER , HOLLIDAY
 ARCHER , MEGARGEL
 ARCHER , SCOTLAND
 ARCHER , WINDTHORST
 ARMSTRONG , CLAUDE
 ARMSTRONG , WAYSIDE
 ATASCOSA , CAMPBELLTON
 ATASCOSA , CHARLOTTE
 ATASCOSA , CHRISTINE
 ATASCOSA , JOURDANTON
 ATASCOSA , LYTLE
 ATASCOSA , PLEASANTON
 ATASCOSA , POTEET
 AUSTIN , BELLVILLE
 AUSTIN , BLEIBLERVILLE
 AUSTIN , CAT SPRING
 AUSTIN , NEW ULM
 AUSTIN , INDUSTRY
 AUSTIN , SAN FELIPE
 AUSTIN , SEALY
 AUSTIN , WALLIS
 BAILEY , BULA
 BAILEY , ENOCHS
 BAILEY , MAPLE
 BAILEY , MULESHOE
 BANDERA , BANDERA
 BANDERA , MEDINA
 BANDERA , VANDERPOOL
 BASTROP , BASTROP
 BASTROP , CEDAR CREEK
 BASTROP , ELGIN
 BASTROP , PAIGE
 BASTROP , SMITHVILLE
 BAYLOR , SEYMOUR
 BEE , BEEVILLE
 BEE , PETTUS
 BEE , SKIDMORE
 BELL , ACADEMY
 BELL , BARTLETT
 BELL , BELTON
 BELL , DING DONG
 BELL , HARKER HEIGHTS
 BELL , HOLLAND
 BELL , KILLEEN
 BELL , NOLANVILLE
 BELL , ROGERS
 BELL , SALADO
 BELL , TEMPLE
 BELL , TROY
 BEXAR , ALAMO HEIGHTS
 BEXAR , BALCONES HEIGHTS
 BEXAR , CIBOLO
 BEXAR , CHINA GROVE
 BEXAR , CONVERSE
 BEXAR , FAIR OAKS RANCH
 BEXAR , HELOTES
 BEXAR , HOLLYWOOD PARK
 BEXAR , KIRBY
 BEXAR , LEON VALLEY
 BEXAR , LIVE OAK
 BEXAR , OLMOS PARK
 BEXAR , SAN ANTONIO
 BEXAR , SCHERTZ
 BEXAR , SHAVANO PARK
 BEXAR , SOMERSET
 BEXAR , ST
 BLANCO , BLANCO
 BLANCO , JOHNSON CITY
 BLANCO , ROUND MOUNTAIN
 BORDEN , GAIL
 BOSQUE , CLIFTON
 BOSQUE , CRANFILLS GAP
 BOSQUE , IREDELL
 BOSQUE , MERIDIAN
 BOSQUE , MORGAN
 BOSQUE , VALLEY MILLS
 BOSQUE , WALNUT SPRINGS
 BOWIE , DALBY SPRINGS
 BOWIE , DE KALB
 BOWIE , HOOKS
 BOWIE , LEARY
 BOWIE , MAUD
 BOWIE , NASH
 BOWIE , NEW BOSTON
 BOWIE , RED LICK
 BOWIE , REDWATER
 BOWIE , TEXARKANA
 BOWIE , WAKE VILLAGE
 BRAZORIA , ALVIN
 BRAZORIA , ANGLETON
 BRAZORIA , BRAZORIA
 BRAZORIA , CLUTE
 BRAZORIA , DANBURY
 BRAZORIA , FREEPORT
 BRAZORIA , HILLCREST
 BRAZORIA , LAKE JACKSON
 BRAZORIA , LIVERPOOL
 BRAZORIA , MANVEL
 BRAZORIA , OYSTER CREEK
 BRAZORIA , PEARLAND
 BRAZORIA , RICHWOOD
 BRAZORIA , WEST COLUMBIA
 BRAZOS , BRYAN
 BRAZOS , COLLEGE STATION
 BREWSTER , ALPINE
 BREWSTER , MARATHON
 BRISCOE , QUITAQUE
 BRISCOE , SILVERTON
 BROOKS , ENCINO
 BROOKS , FALFURRIAS
 BROWN , BANGS
 BROWN , BLANKET
 BROWN , BROOKESMITH
 BROWN , BROWNWOOD
 BROWN , EARLY
 BROWN , MAY
 BROWN , ZEPHYR
 BURLESON , CALDWELL
 BURLESON , SNOOK
 BURLESON , SOMERVILLE
 BURNET , BERTRAM
 BURNET , BURNET
 BURNET , COTTONWOOD SHORES
 BURNET , MARBLE FALLS
 CALDWELL , DALE
 CALDWELL , LOCKHART
 CALDWELL , LULING
 CALDWELL , MARTINDALE
 CALDWELL , NIEDERWALD
 CALDWELL , UHLAND
 CALDWELL , MAXWELL
 CALHOUN , POINT COMFORT
 CALHOUN , PORT LAVACA
 CALHOUN , SEADRIFT
 CALLAHAN , BAIRD
 CALLAHAN , CLYDE
 CALLAHAN , CROSS PLAINS
 CALLAHAN , PUTNAM
 CAMERON , BROWNSVILLE
 CAMERON , COMBES
 CAMERON , HARLINGEN
 CAMERON , LA FERIA
 CAMERON , LAGUNA HEIGHTS
 CAMERON , LAURELES
 CAMERON , LOS FRESNOS
 CAMERON , PORT ISABEL
 CAMERON , PRIMERA
 CAMERON , RIO HONDO 
 CAMERON ,SAN BENITO
 CAMERON , SOUTH PADRE ISLAND
 CAMP , LEESBURG
 CAMP , PITTSBURG
 CAMP , ROCKY MOUND
 CARSON , GROOM
 CARSON ,PANHANDLE
 CARSON ,SKELLYTOWN
 CARSON ,WHITE DEER
 CASS , ATLANTA
 CASS , AVINGER
 CASS , BIVINS
 CASS , BLOOMBURG
 CASS , DOMINO
 CASS , DOUGLASSVILLE
 CASS , HUGHES SPRINGS
 CASS , LINDEN
 CASS , MARIETTA
 CASS , QUEEN CITY
 CASTRO , DIMMITT
 CASTRO , HART
 CASTRO , NAZARETH
 CASTRO , SUMMERFIELD
 CHAMBERS , ANAHUAC
 CHAMBERS , BAYTOWN
 CHAMBERS , BEACH CITY
 CHAMBERS , MONT BELVIEU
 CHAMBERS , SEABROOK
 CHAMBERS , SHOREACRES
 CHAMBERS , STOWELL
 CHAMBERS , WALLISVILLE
 CHAMBERS , WINNIE
 CHEROKEE , ALTO
 CHEROKEE , GALLATIN
 CHEROKEE , JACKSONVILLE
 CHEROKEE , MOUNT SELMAN
 CHEROKEE , NEW SUMMERFIELD
 CHEROKEE , RUSK
 CHEROKEE , WELLS
 CHILDRESS , CHILDRESS
 CHILDRESS , TELL
 CLAY , BELLEVUE
 CLAY , BYERS
 CLAY , DEAN
 CLAY , HENRIETTA
 CLAY , JOLLY
 CLAY , JOY
 CLAY , PETROLIA
 COCHRAN , BLEDSOE
 COCHRAN , MORTON
 COCHRAN , WHITEFACE
 COKE , BLACKWELL
 COKE , BRONTE
 COKE , ROBERT LEE
 COKE , SILVER
 COLEMAN , BURKETT
 COLEMAN , COLEMAN
 COLEMAN , GOLDSBORO
 COLEMAN , GOULDBUSK
 COLEMAN , NOVICE
 COLEMAN , ROCKWOOD
 COLEMAN , SANTA ANNA
 COLEMAN , TALPA
 COLEMAN , VALERA
 COLEMAN , VOSS
 COLLIN , 
 COLLINGSWORTH , DODSON
 COLLINGSWORTH , QUAIL
 COLLINGSWORTH , SAMNORWOOD
 COLLINGSWORTH , WELLINGTON
 COLORADO , COLUMBUS
 COLORADO , GARWOOD
 COLORADO , EAGLE LAKE
 COLORADO , WEIMAR
 COMAL , BULVERDE
 COMAL , CANYON LAKE FOREST
 COMAL , FISCHER
 COMAL , GARDEN RIDGE
 COMAL , NEW BRAUNFELS
 COMAL , SPRING BRANCH
 COMANCHE , COMANCHE
 COMANCHE , GUSTINE
 CONCHO , EDEN
 CONCHO , EOLA
 CONCHO , MILLERSVIEW
 CONCHO , PAINT ROCK
 COOKE , CALLISBURG
 COOKE , GAINESVILLE
 COOKE , LINDSAY
 COOKE , MUENSTER
 COOKE , OAK RIDGE
 CORYELL , COPPERAS COVE
 CORYELL , EVANT
 CORYELL , GATESVILLE
 CORYELL , JONESBORO
 CORYELL , OGLESBY
 CORYELL , SOUTH MOUNTAIN
 COTTLE , PADUCAH
 CRANE , CRANE
 CROCKETT , OZONA
 CROSBY , CROSBYTON
 CROSBY , LORENZO
 CROSBY , RALLS
 CULBERSON , VAN HORN
 DALLAM , DALHART
 DALLAM , TEXLINE
 DALLAS , ADDISON
 DALLAS , BALCH SPRINGS
 DALLAS , CEDAR HILL
 DALLAS , CARROLLTON
 DALLAS , COCKRELL HILL
 DALLAS , COMBINE
 DALLAS , COPPELL
 DALLAS , DALLAS
 DALLAS , DESOTO
 DALLAS , DUNCANVILLE
 DALLAS , FARMERS BRANCH
 DALLAS , FERRIS
 DALLAS , GARLAND
 DALLAS , GLENN HEIGHTS
 DALLAS , GRAND PRAIRIE
 DALLAS , GRAPEVINE
 DALLAS , HIGHLAND PARK
 DALLAS , HUTCHINS
 DALLAS , IRVING
 DALLAS , LANCASTER
 DALLAS , LEWISVILLE
 DALLAS , MESQUITE
 DALLAS , OVILLA
 DALLAS , ROWLETT
 DALLAS , SEAGOVILLE
 DALLAS , SUNNYVALE
 DALLAS , UNIVERSITY PARK
 DALLAS , WILMER
 DAWSON , ACKERLY
 DAWSON , GRANDVIEW
 DAWSON , LAMESA
 DAWSON , O'DONNELL
 DAWSON , WELCH
 DEAF SMITH , HEREFORD
 DELTA , BEN FRNAKLIN
 DELTA , COOPER
 DELTA , KLONDIKE
 DELTA , PECAN GAP
 DENTON , ARGYLE
 DENTON , AUBREY
 DENTON , BARTONVILLE
 DENTON , CARROLLTON
 DENTON , COPPER CANYON
 DENTON , CORINTH
 DENTON , CORRAL CITY
 DENTON , CROSS ROADS
 DENTON , DALLAS
 DENTON , DENTON
 DENTON , DOUBLE OAK
 DENTON , FLOWER MOUND
 DENTON , FORT WORTH
 DENTON , FRISCO
 DENTON , HACKBERRY
 DENTON , HASLET
 DENTON , HEBRON
 DENTON , HICKORY CREEK
 DENTON , HIGHLAND VILLAGE
 DENTON , JUSTIN
 DENTON , KRUGERVILLE
 DENTON , KRUM
 DENTON , LAKE DALLAS
 DENTON , LAKEWOOD VILLAGE
 DENTON , LEWISVILLE
 DENTON , LINCOLN PARK
 DENTON , LITTLE ELM
 DENTON , MARSHALL CREEK
 DENTON , NORTHLAKE
 DENTON , OAK POINT
 DENTON , PILOT POINT
 DENTON , PONDER
 DENTON , ROANOKE
 DENTON , SANGER
 DENTON , SHADY SHORES
 DENTON , SOUTHLAKE
 DENTON , THE COLONY
 DENTON , TROPHY CLUB
 DENTON , WESTLAKE
DEWITT, ARNECKVILLE
DEWITT, CUERO
DEWITT, NORDHEIM
DEWITT, YOAKUM
DEWITT, YORKTOWN
 DICKENS , AFTON
 DICKENS , DICKENS
 DICKENS , MCADOO
 DICKENS , SPUR
 DIMMIT , ASHERTON
 DIMMIT , BIG WELLS
 DIMMIT , CARRIZO SPRINGS
 DONLEY , CLARENDON
 DONLEY , HEDLEY
 DONLEY , HOWARDWICK
 DUVAL , BENAVIDES
 DUVAL , FREER
 DUVAL , REALITOS
 DUVAL , SAN DIEGO
 EASTLAND , CARBON
 EASTLAND , CISCO
 EASTLAND , DESDEMONA
 EASTLAND , EASTLAND
 EASTLAND , GORMAN
 EASTLAND , RANGER
 EASTLAND , RISING STAR
 ECTOR , GARDENDALE
 ECTOR , GOLDSMITH
 ECTOR , ODESSA
 ECTOR , WEST ODESSA
 EDWARDS , BARKSDALE
 EDWARDS , ROCKSPRINGS
 EL PASO , AGUA DULCE
 EL PASO , ANTHONY
 EL PASO , BUTTERFIELD
 EL PASO , CANUTILLO
 EL PASO , CLINT
 EL PASO , EL PASO
 EL PASO , FABENS
 EL PASO , FORT BLISS
 EL PASO , HOMESTEAD MEADOWS NORTH
 EL PASO , HOMESTEAD MEADOWS SOUTH
 EL PASO , HORIZON CITY
 EL PASO , MORNING GLORY
 EL PASO , NEWMAN
 EL PASO , PRADO VERDE
 EL PASO , SAN ELIZARIO
 EL PASO , SOCORRO
 EL PASO , SPARKS
 EL PASO , TORNILLO
 EL PASO , VINTON
 EL PASO , WESTWAY
 ELLIS , ALMA
 ELLIS , BARDWELL
 ELLIS , ENNIS
 ELLIS , FERRIS
 ELLIS , GARRETT
 ELLIS , GRAND PRAIRIE
 ELLIS , ITALY
 ELLIS , MANSFIELD
 ELLIS , MAYPEARL
 ELLIS , MIDLOTHIAN
 ELLIS , MILFORD
 ELLIS , OAK LEAF
 ELLIS , OVILLA
 ELLIS , PALMER
 ELLIS , PECAN HILL
 ELLIS , RED OAK
 ELLIS , TELICO
 ELLIS , VENUS
 ELLIS , WAXAHACHIE
 ERATH , DUBLIN
 ERATH , MORGAN MILL
 ERATH , STEPHENVILLE
 FALLS , CHILTON
 FALLS , GOLINDA
 FALLS , LOTT
 FALLS , MARLIN
 FALLS , REAGAN
 FALLS , ROSEBUD
 FANNIN , BAILEY
 FANNIN , BONHAM
 FANNIN , DODD CITY
 FANNIN , ECTOR
 FANNIN , HONEY GROVE
 FANNIN , LADONIA
 FANNIN , LEONARD
 FANNIN , RAVENNA
 FANNIN , SAVOY
 FANNIN , TRENTON 
 FANNIN , WINDOM
 FAYETTE , CARMINE
 FAYETTE , FAYETTEVILLE
 FAYETTE , FLATONIA
 FAYETTE , LA GRANGE
 FAYETTE , SCHULENBURG
 FISHER , MCCAULLEY
 FISHER , ROBY
 FISHER , ROTAN
 FISHER , SYLVESTER
 FLOYD , FLOYDADA
 FLOYD , LOCKNEY
 FOARD , CROWELL
 FOARD , THALIA
 FORT BEND , KATY
 FORT BEND , KENDLETON
 FORT BEND , MEADOWS
 FORT BEND , MISSOURI CITY
 FORT BEND , NEEDVILLE
 FORT BEND , ROSENBERG
 FORT BEND , SIMONTON
 FORT BEND , STAFFORD
 FORT BEND , SUGAR LAND
 FRANKLIN , MOUNT VERNON
 FRANKLIN , SCROGGINS
 FRANKLIN , WINNSBORO
 FREESTONE , FAIRFIELD
 FREESTONE , OAKWOOD
 FREESTONE , STREETMAN
 FREESTONE , TEAGUE
 FREESTONE , WORTHMAN
 FRIO , BIGFOOT
 FRIO , DILLEY
 FRIO , MOORE
 FRIO , PEARSALL
 GAINES , SEAGRAVES
 GAINES , SEMINOLE
 GALVESTON , BACLIFF
 GALVESTON , BAYOU VISTA
 GALVESTON , CLEAR LAKE SHORES
 GALVESTON , DICKINSON
 GALVESTON , FRIENDSWOOD
 GALVESTON , GALVESTON
 GALVESTON , HIGH ISLAND
 GALVESTON , HITCHCOCK
 GALVESTON , JAMAICA BEACH
 GALVESTON , KEMAH
 GALVESTON , LA MARQUE
 GALVESTON , LEAGUE CITY
 GALVESTON , PORT BOLIVAR
 GALVESTON , SAN LEON
 GALVESTON , SANTA FE
 GALVESTON , TEXAS CITY
 GALVESTON , TIKI ISLAND
 GARZA , POST
 GILLESPIE , FREDERICKSBURG
 GILLESPIE , HARPER
 GILLESPIE , LUCKENBACH
 GILLESPIE , STONEWALL
 GILLESPIE , WILLOW CITY
 GLASSCOCK , GARDEN CITY
 GOLIAD , ANDER
 GOLIAD , GOLIAD
 GONZALES , GONZALES
 GONZALES , NIXON
 GONZALES , SMILEY
 GONZALES , WAELDER
 GRAY , LEFORS
 GRAY , MCLEAN
 GRAY , PAMPA
 GRAYSON , BELLS
 GRAYSON , COLLINSVILLE
 GRAYSON , DENISON
 GRAYSON , DORCHESTER
 GRAYSON , GUNTER
 GRAYSON , HOWE
 GRAYSON , KNOLLWOOD
 GRAYSON , POTTSBORO
 GRAYSON , SADLER
 GRAYSON , SHERMAN
 GRAYSON , SOUTHMAYD
 GRAYSON , TIOGA
 GRAYSON , TOM BEAN
 GRAYSON , VAN ALSTYNE
 GRAYSON , WHITESBORO
 GRAYSON , WHITEWRIGHT
 GREGG , CLARKSVILLE CITY
 GREGG , EASTON
 GREGG , GLADEWATER
 GREGG , KILGORE
 GREGG , LAKEPORT
 GREGG , LIBERTY CITY
 GREGG , LONGVIEW
 GREGG , WARREN CITY
 GREGG , WHITE OAK
 GRIMES , ANDERSON
 GRIMES , NAVASOTA
 GUADALUPE , MARION
 GUADALUPE , MCQUEENEY
 GUADALUPE , SEGUIN
 HALE , ABERNATHY
 HALE , EDMONSON
 HALE , HALE CENTER
 HALE , PETERSBURG
 HALE , PLAINVIEW
 HALE , SETH WARD
 HALL , ESTELLINE
 HALL , LAKEVIEW
 HALL , MEMPHIS
 HALL , TURKEY
 HAMILTON , HAMILTON
 HAMILTON , HICO
 HANSFORD , GRUVER
 HANSFORD , MORSE
 HANSFORD , SPEARMAN
 HARDEMAN , CHILLICOTHE
 HARDEMAN , GOODLETT
 HARDEMAN , QUANAH
 HARDIN , BATSON
 HARDIN , KOUNTZE
 HARDIN , LOEB
 HARDIN , LUMBERTON
 HARDIN , SARATOGA
 HARDIN , SILSBEE
 HARDIN , SOUR LAKE
 HARRIS , ATASCOCITA
 HARRIS , BARRETT
 HARRIS , BAYTOWN
 HARRIS , BELLAIRE
 HARRIS , BUNKER HILL VILLAGE
 HARRIS , CHANNELVIEW
 HARRIS , CLOVERLEAF
 HARRIS , CROSBY
 HARRIS , DEER PARK
 HARRIS , EL LAGO
 HARRIS , FRIENDSWOOD
 HARRIS , GALENA PARK
 HARRIS , HEDWIG VILLAGE
 HARRIS , HIGHLANDS
 HARRIS , HILSHIRE VILLAGE
 HARRIS , HOUSTON
 HARRIS , HUMBLE
 HARRIS , HUNTERS CREEK VILLAGE
 HARRIS , JACINTO CITY
 HARRIS , JERSEY VILLAGE
 HARRIS , KATY
 HARRIS , KLEIN
 HARRIS , LA PORTE
 HARRIS , LEAGUE CITY
 HARRIS , MISSOURI CITY
 HARRIS , MORGAN'S POINT
 HARRIS , NASSAU BAY
 HARRIS , PASADENA
 HARRIS , PEARLAND
 HARRIS , PINEY POINT VILLAGE
 HARRIS , SEABROOK
 HARRIS , SHELDON
 HARRIS , SHOREACRES
 HARRIS , SOUTH HOUSTON
 HARRIS , SOUTHSIDE PLACE
 HARRIS , SPRING
 HARRIS , SPRING VALLEY
 HARRIS , STAFFORD
 HARRIS , TAYLOR LAKE VILLAGE
 HARRIS , TOMBALL
 HARRIS , WEBSTER
 HARRIS , WEST UNIVERSITY PLACE
 HARRISON , ELYSIAN FIELDS
 HARRISON , GILL
 HARRISON , HALLSVILLE
 HARRISON , HARLETON
 HARRISON , JONESVILLE
 HARRISON , KARNACK
 HARRISON , LATEX
 HARRISON , LONGVIEW
 HARRISON , MARSHALL
 HARRISON , NESBITT
 HARRISON , SCOTTSVILLE
 HARRISON , UNCERTAIN
 HARRISON , WASKOM
 HARRISON , WOODLAWN
 HARTLEY , CHANNING
 HARTLEY , HARTLEY
 HASKELL , HASKELL
 HASKELL , O'BRIEN
 HASKELL , ROCHESTER
 HASKELL , RULE
 HASKELL , SAGERTON
 HASKELL , STAMFORD
 HASKELL , WEINERT
 HAYS , BUDA
 HAYS , DRIFTWOOD
 HAYS , DRIPPING SPRINGS
 HAYS , KYLE
 HAYS , SAN MARCOS
 HAYS , WIMBERLEY
 HEMPHILL , CANADIAN
 HENDERSON , ATHENS
 HENDERSON , BERRYVILLE
 HENDERSON , BROWNSBORO
 HENDERSON , CANEY CITY
 HENDERSON , CHANDLER
 HENDERSON , COFFEE CITY
 HENDERSON , ENCHANTED OAKS
 HENDERSON , EUSTACE
 HENDERSON , EVELYN
 HENDERSON , GUN BARREL CITY
 HENDERSON , LOG CABIN
 HENDERSON , MABANK
 HENDERSON , MALAKOFF
 HENDERSON , MOORE STATION
 HENDERSON , MURCHISON
 HENDERSON , PAYNE SPRINGS
 HENDERSON , POYNOR
 HENDERSON , SEVEN POINTS
 HENDERSON , STAR HARBOR
 HENDERSON , TOOL
 HENDERSON , TRINIDAD
 HIDALGO , ABRAM
 HIDALGO , ALAMO
 HIDALGO , ALTON
 HIDALGO , DONNA
 HIDALGO , EDCOUCH
 HIDALGO , EDINBURG
 HIDALGO , ELSA
 HIDALGO , HIDALGO
 HIDALGO , LA JOYA
 HIDALGO , LOPEZVILLE
 HIDALGO , MISSION
 HIDALGO , PHARR
 HIDALGO , PROGRESO
 HIDALGO , SULLIVAN CITY
 HIDALGO , WESLACO
 HILL , ABBOTT
 HILL , BLUM
 HILL , HILLSBORO
 HILL , HUBBARD
 HILL , ITASCA
 HILL , MALONE
 HILL , MOUNT CALM
 HILL , PENELOPE
 HILL , WHITNEY
 HOCKLEY , ANTON
 HOCKLEY , LEVELLAND
 HOCKLEY , OPDYKE
 HOCKLEY , PEP
 HOCKLEY , ROPESVILLE
 HOCKLEY , SMYER
 HOCKLEY , SUNDOWN
 HOOD , CRESSON
 HOOD , GRANBURY
 HOOD , LIPAN
 HOOD , OAK TRAIL SHORES
 HOOD , PECAN PLANTATION
 HOOD , TOLAR
 HOPKINS , BRASHEAR
 HOPKINS , COMO
 HOPKINS , CUMBY
 HOPKINS , PICKTON
 HOPKINS , SALTILLO
 HOPKINS , SULPHUR BLUFF
 HOPKINS , SULPHUR SPRINGS
 HOPKINS , TIRA
 HOUSTON , CROCKETT
 HOUSTON , GRAPELAND
 HOUSTON , KENNARD
 HOUSTON , LATEXO
 HOUSTON , LOVELADY
 HOUSTON , PORTER SPRINGS
 HOWARD , BIG SPRING
 HOWARD , COAHOMA
 HOWARD , FORSAN
 HOWARD , KNOTT
 HUDSPETH , DELL CITY
 HUDSPETH , FORT HANCOCK
 HUDSPETH , SALT FLAT
 HUDSPETH , SIERRA BLANCA
 HUNT , CADDO MILLS
 HUNT , CAMPBELL
 HUNT , CELESTE
 HUNT , COMMERCE
 HUNT , GREENVILLE
 HUNT , LONE OAK
 HUNT , QUINLAN
 HUNT , WEST TAWAKONI
 HUNT , WOLFE CITY
 HUTCHINSON , BORGER
 HUTCHINSON , FRITCH
 HUTCHINSON , SANFORD
 HUTCHINSON , STINNETT
 IRION , BARNHART
 IRION , MERTZON
 JACK , BRYSON
 JACK , JACKSBORO
 JACK , JERMYN
 JACK , PERRIN
 JACKSON , CORDELE
 JACKSON , EDNA
 JACKSON , GANADO
 JACKSON , VANDERBILT
 JASPER , BROWNDELL
 JASPER , BUNA
 JASPER , EVADALE
 JASPER , JASPER
 JASPER , KIRBYVILLE
 JEFF DAVIS , FORT DAVIS
 JEFF DAVIS , VALENTINE
 JEFFERSON , BEAUMONT
 JEFFERSON , BEVIL OAKS
 JEFFERSON , CHINA
 JEFFERSON , GROVES
 JEFFERSON , NEDERLAND
 JEFFERSON , PORT ARTHUR
 JEFFERSON , PORT NECHES
 JEFFERSON , SABINE PASS
 JIM HOGG , HEBBRONVILLE
 JIM WELLS , ALICE
 JIM WELLS , PERNITAS POINT
 JIM WELLS , ORANGE GROVE
 JIM WELLS , PREMONT
 JOHNSON , ALVARADO
 JOHNSON , BRIAROAKS
 JOHNSON , BURLESON
 JOHNSON , CLEBURNE
 JOHNSON , CROSS TIMBER
 JOHNSON , GODLEY
 JOHNSON , GRANDVIEW
 JOHNSON , JOSHUA
 JOHNSON , KEENE
 JOHNSON , RIO VISTA
 JOHNSON , VENUS
 JONES , ANSON
 JONES , HAMLIN
 JONES , HAWLEY
 JONES , LUEDERS
 JONES , STAMFORD
 KARNES , FALLS CITY
 KARNES , GILLETT
 KARNES , KARNES CITY
 KARNES , KENEDY
 KARNES , RUNGE
 KAUFMAN , CRANDALL
 KAUFMAN , COMBINE
 KAUFMAN , DALLAS
 KAUFMAN , FORNEY
 KAUFMAN , GRAYS PRAIRIE
 KAUFMAN , KAUFMAN
 KAUFMAN , KEMP
 KAUFMAN , LAWRENCE
 KAUFMAN , MABANK
 KAUFMAN , OAK GROVE
 KAUFMAN , OAK RIDGE
 KAUFMAN , POST OAK BEND
 KAUFMAN , ROSSER
 KAUFMAN , SCURRY
 KAUFMAN , TALTY
 KAUFMAN , TERRELL
 KENDALL , BERGHEIM
 KENDALL , BOERNE
 KENDALL , COMFORT
 KENDALL , KENDALIA
 KENEDY , SARITA
 KENT , GIRARD
 KENT , JAYTON
 KERR , CENTER POINT
 KERR , INGRAM
 KERR , KERRVILLE
 KERR , MOUNTAIN HOME
 KIMBLE , JUNCTION
 KIMBLE , LONDON
 KIMBLE , ROOSEVELT
 KING , DUMONT
 KING , GUTHRIE
 KINNEY , BRACKETTVILLE
 KLEBERG , KINGSVILLE
 KLEBERG , RIVIERA
 KNOX , BENJAMIN
 KNOX , GOREE
 KNOX , KNOX CITY
 KNOX , MUNDAY
 LA SALLE , COTULLA
 LA SALLE , FOWLERTON
 LAMAR , BLOSSOM
 LAMAR , DEPORT
 LAMAR , PARIS
 LAMAR , POWDERLY
 LAMAR , ROXTON
 LAMAR , SUMNER
 LAMB , AMHERST
 LAMB , EARTH
 LAMB , LITTLEFIELD
 LAMB , OLTON
 LAMB , SPADE
 LAMB , SPRINGLAKE
 LAMB , SUDAN
 LAMPASAS , ADAMSVILLE
 LAMPASAS , KEMPNER
 LAMPASAS , LAMPASAS
 LAMPASAS , LOMETA
 LAVACA , HALLETTSVILLE
 LAVACA , MOULTON
 LAVACA , SHINER
 LEE , DIME BOX
 LEE , GIDDINGS
 LEE , LEXINGTON
 LEE , LINCOLN
 LEON , BUFFALO
 LEON , CENTERVILLE
 LEON , JEWETT
 LEON , LEONA
 LEON , MARQUEZ
 LEON , NORMANGEE
 LEON , OAKWOOD
 LIBERTY , CLEVELAND
 LIBERTY , DAISETTA
 LIBERTY , DAYTON
 LIBERTY , HARDIN
 LIBERTY , HULL
 LIBERTY , LIBERTY
 LIMESTONE , COOLIDGE
 LIMESTONE , GROESBECK
 LIMESTONE , KOSSE
 LIMESTONE , MEXIA
 LIMESTONE , PERSONVILLE
 LIMESTONE , TEHUACANA
 LIMESTONE , THORNTON
 LIPSCOMB , BOOKER
 LIPSCOMB , DARROUZETT
 LIPSCOMB , FOLLETT
 LIPSCOMB , HIGGINS
 LIPSCOMB , LIPSCOMB
 LIVE OAK , GEORGE WEST
 LIVE OAK , THREE RIVERS
 LLANO , BUCHANAN DAM
 LLANO , CASTELL
 LLANO , KINGSLAND
 LLANO , LLANO
 LLANO , SUNRISE BEACH VILLAGE
 LLANO , TOW
 LLANO , VALLEY SPRING
 LOVING , MENTONE
 LUBBOCK , ABERNATHY
 LUBBOCK , IDALOU
 LUBBOCK , LUBBOCK
 LUBBOCK , NEW DEAL
 LUBBOCK , RANSOM CANYON
 LUBBOCK , REESE VILLAGE
 LUBBOCK , SHALLOWATER
 LUBBOCK , SLATON
 LUBBOCK , WOLFFORTH
 LYNN , NEW HOME
 LYNN , O'DONNELL
 LYNN , TAHOKA
 LYNN , WILSON
 MADISON , MADISONVILLE
 MADISON , MIDWAY
 MADISON , NORTH ZULCH
 MARION , JEFFERSON
 MARTIN , LENORAH
 MARTIN , STANTON
 MARTIN , TARZAN
 MASON , ART
 MASON , FREDONIA
 MASON , MASON
 MASON , PONTOTOC
 MATAGORDA , BAY CITY
 MATAGORDA , MARKHAM
 MATAGORDA , MATAGORDA
 MATAGORDA , PALACIOS
 MATAGORDA , VAN VLECK
 MAVERICK , EAGLE PASS
 MAVERICK , QUEMADO
 MCCULLOCH , BRADY
 MCCULLOCH , DOOLE
 MCCULLOCH , LOHN
 MCCULLOCH , MELVIN
 MCCULLOCH , PEAR VALLEY
 MCCULLOCH , ROCHELLE
 MCCULLOCH , VOCA
 MCLENNAN , AXTELL
 MCLENNAN , BELLMEAD
 MCLENNAN , BEVERLY HILLS
 MCLENNAN , CHINA SPRINGS
 MCLENNAN , CRAWFORD
 MCLENNAN , ELM MOTT
 MCLENNAN , GHOLSON
 MCLENNAN , HALLSBURG
 MCLENNAN , HEWITT
 MCLENNAN , LACY
 MCMULLEN , CALLIHAM
 MCMULLEN , TILDEN
 MEDINA , CASTROVILLE
 MEDINA , DEVINE
 MEDINA , D'HANIS
 MEDINA , HONDO
 MEDINA , MICO
 MEDINA , NATALIA
 MENARD , FORT MCKAVETT
 MENARD , MENARD
 MIDLAND , MIDLAND 
 MILAM , BUCKHOLTS
 MILAM , BURLINGTON
 MILAM , CAMERON
 MILAM , DAVILLA
 MILAM , GAUSE
 MILAM , MILANO
 MILAM , ROCKDALE
 MILAM , THORNDALE
 MILLS , GOLDTHWAITE
 MILLS , MULLIN
 MILLS , PRIDDY
 MILLS , STAR
 MITCHELL , COLORADO CITY
 MITCHELL , LORAINE
 MITCHELL , WESBROOK
 MONTAGUE , BOWIE
 MONTAGUE , FORESTBURG
 MONTAGUE , MONTAGUE
 MONTAGUE , NOCONA
 MONTAGUE , ST
 MONTGOMERY , CONROE
 MONTGOMERY , CUT AND SHOOT
 MONTGOMERY , MAGNOLIA
 MONTGOMERY , OAK RIDGE NORTH
 MONTGOMERY , PORTER
 MONTGOMERY , SHENANDOAH
 MONTGOMERY , SPLENDORA
 MONTGOMERY , THE WOODLANDS
 MONTGOMERY , WILLIS
 MOORE , CACTUS
 MOORE , DUMAS
 MOORE , MASTERSON
 MOORE , SUNRAY
 MORRIS , DAINGERFIELD
 MORRIS , LONE STAR
 MORRIS , NAPLES
 MORRIS , OMAHA
 MOTLEY , MATADOR
 MOTLEY , ROARING SPRINGS
 NACOGDOCHES , APPLEBY
 NACOGDOCHES , CHIRENO
 NACOGDOCHES , CUSHING
 NACOGDOCHES , DOUGLASS
 NACOGDOCHES , GARRISON
 NACOGDOCHES , NACOGDOCHES
 NAVARRO , ANGUS
 NAVARRO , BARRY
 NAVARRO , BLOOMING GROVE
 NAVARRO , CORSICANA
 NAVARRO , DAWSON
 NAVARRO , EMHOUSE
 NAVARRO , EUREKA
 NAVARRO , FROST
 NAVARRO , GOODLOW PARK
 NAVARRO , KERENS
 NAVARRO , MILDRED
 NAVARRO , MUSTANG
 NAVARRO , NAVARRO
 NAVARRO , OAK VALLEY
 NAVARRO , POWELL
 NAVARRO , RETREAT
 NAVARRO , RICE
 NAVARRO , RICHLAND
 NEWTON , BURKEVILLE
 NEWTON , DEWEYVILLE
 NEWTON , NEWTON
 NOLAN , BLACKWELL
 NOLAN , MARYNEAL
 NOLAN , NOLAN
 NOLAN , ROSCOE
 NOLAN , SWEETWATER
 NUECES , AGUA DULCE
 NUECES , CORPUS CHRISTI
 NUECES , DRISCOLL
 NUECES , INGLESIDE
 NUECES , PETRONILA
 NUECES , PORTLAND
 NUECES , PORT ARANSAS
 NUECES , ROBSTOWN
 OCHILTREE , BOOKER
 OCHILTREE , PERRYTON
 OLDHAM , ADRIAN
 OLDHAM , VEGA
 OLDHAM , WILDORADO
 ORANGE , BRIDGE CITY
 ORANGE , MAURICEVILLE
 ORANGE , ORANGE
 ORANGE , ORANGEFIELD
 ORANGE , ROSE CITY
 ORANGE , VIDOR
 ORANGE , WEST ORANGE
 PALO PINTO , GORDON
 PALO PINTO , GRAFORD
 PALO PINTO , MINERAL WELLS
 PALO PINTO , MINGUS
 PALO PINTO , PALO PINTO
 PALO PINTO , SANTO
 PALO PINTO , STRAWN
 PANOLA , BECKVILLE
 PANOLA , BETHANY
 PANOLA , CARTHAGE
 PANOLA , CLAYTON
 PANOLA , DEADWOOD
 PANOLA , DE BERRY
 PANOLA , GARY CITY
 PANOLA , LONG BRANCH
 PANOLA , MURVAUL
 PANOLA , TATUM
 PARKER , ALEDO
 PARKER , ANNETTA
 PARKER , AZLE
 PARKER , BRIAR
 PARKER , COOL
 PARKER , HUDSON OAKS
 PARKER , MILLSAP
 PARKER , POOLVILLE
 PARKER , RENO
 PARKER , SANCTUARY
 PARKER , SPRINGTOWN
 PARKER , WEATHERFORD
 PARKER , WILLOW PARK
 PARMER , BOVINA
 PARMER , FARWELL
 PARMER , FRIONA
 PECOS , COYANOSA
 PECOS , FORT STOCKTON
 PECOS , IMPERIAL
 PECOS , SHEFFIELD
 POLK , CORRIGAN
 POLK , GOODRICH
 POLK , LIVINGSTON
 POLK , MOSCOW
 POLK , ONALASKA
 POLK , SEVEN OAKS
 POTTER , AMARILLO
 POTTER , BISHOP HILLS
 PRESIDIO , MARFA
 PRESIDIO , PRESIDIO
 PRESIDIO , REDFORD
 RAINS , EAST TAWAKONI
 RAINS , EMORY
 RAINS , POINT
 RANDALL , AMARILLO
 RANDALL , CANYON
 RANDALL , HAPPY
 RANDALL , LAKE TANGLEWOOD
 RANDALL , PALISADES
 RANDALL , TIMBERCREEK CANYON
 REAGAN , BIG LAKE
 REAL , CAMP WOOD
 REAL , LEAKEY
 REAL , RIO FRIO
 RED RIVER , ANNONA
 RED RIVER , AVERY
 RED RIVER , BOGATA
 RED RIVER , CLARKSVILLE
 RED RIVER , DETROIT
 REEVES , BALMORHEA
 REEVES , LINDSAY
 REEVES , PECOS
 REEVES , TOYAH
 REFUGIO , AUSTWELL
 REFUGIO , BAYSIDE
 REFUGIO , REFUGIO
 REFUGIO , TIVOLI
 REFUGIO , WOODSBORO
 ROBERTS , MIAMI
 ROBERTSON , BREMOND
 ROBERTSON , CALVERT
 ROBERTSON , FRANKLIN
 ROBERTSON , HEARNE
 ROCKWALL , FATE
 ROCKWALL , HEATH
 ROCKWALL , MCLENDON
 RUNNELS , BALLINGER
 RUNNELS , MILES
 RUNNELS , NORTON
 RUNNELS , ROWENA
 RUNNELS , WINGATE
 RUNNELS , WINTERS
 RUSK , HENDERSON
 RUSK , LANEVILLE
 RUSK , MOUNT ENTERPRISE
 RUSK , NEW LONDON
 RUSK , OVERTON
 RUSK , PINEHILL
 RUSK , TATUM
 RUSK , TURNERTOWN
 SABINE , BRONSON
 SABINE , HEMPHILL
 SABINE , MILAM
 SABINE , PINELAND
 SAN AUGUSTINE , BROADDUS
 SAN AUGUSTINE , SAN AUGUSTINE
 SAN JACINTO , COLDSPRING
 SAN JACINTO , OAKHURST
 SAN JACINTO , POINTBLANK
 SAN JACINTO , SHEPHERD
 SAN PATRICIO , GREGORY
 SAN PATRICIO , INGLESIDE
 SAN PATRICIO , ODEM
 SAN PATRICIO , PORTLAND
 SAN PATRICIO , SAN PATRICIO
 SAN PATRICIO , SINTON
 SAN PATRICIO , TAFT
 SAN SABA , RICHLAND SPRINGS
 SAN SABA , SAN SABA
 SCHLEICHER , ELDORADO
 SCURRY , FLUVANNA
 SCURRY , HERMLEIGH
 SCURRY , SNYDER
 SHACKELFORD , ALBANY
 SHACKELFORD , MORAN
 SHELBY , CENTER
 SHELBY , HUXLEY
 SHELBY , JOAQUIN
 SHELBY , NEUVILLE
 SHELBY , SHELBYVILLE
 SHELBY , TENAHA
 SHELBY , TIMPSON
 SHERMAN , STRATFORD
 SHERMAN , TEXHOMA
 SMITH , ARP
 SMITH , BULLARD
 SMITH , LINDALE
 SMITH , NEW CHAPEL HILL
 SMITH , NOONDAY
 SMITH , TROUP
 SMITH , TYLER
 SMITH , WHITEHOUSE
 SMITH , WINONA
 SOMERVELL , GLEN ROSE
 SOMERVELL , RAINBOW
 STARR , ESCOBARES
 STARR , GARCIASVILLE
 STARR , LA GRULLA
 STARR , RIO GRANDE CITY
 STARR , ROMA
 STEPHENS , BRECKENRIDGE
 STEPHENS , CADDO
 STERLING , STERLING CITY
 STONEWALL , ASPERMONT
 STONEWALL , OLD GLORY
 SUTTON , SONORA
 SWISHER , KRESS
 SWISHER , TULIA
 TARRANT , ARLINGTON
 TARRANT , BEDFORD
 TARRANT , BENBROOK
 TARRANT , BLUE MOUND
 TARRANT , COLLEYVILLE
 TARRANT , CROWLEY
 TARRANT , DALWORTHINGTON GARDENS
 TARRANT , EAGLE MOUNTAIN
 TARRANT , EDGECLIFF VILLAGE
 TARRANT , EULESS
 TARRANT , EVERMAN
 TARRANT , FOREST HILL
 TARRANT , FORT WORTH
 TARRANT , GRAPEVINE
 TARRANT , GRAND PRAIRIE
 TARRANT , HALTOM CITY
 TARRANT , HURST
 TARRANT , KELLER
 TARRANT , KENNEDALE
 TARRANT , LAKE WORTH
 TARRANT , LAKESIDE
 TARRANT , NEWARK
 TARRANT , NORTH RICHLAND HILLS
 TARRANT , PANTEGO
 TARRANT , PECAN ACRES
 TARRANT , PELICAN BAY
 TARRANT , RENDON
 TARRANT , RICHLAND HILLS
 TARRANT , RIVER OAKS
 TARRANT , SAGINAW
 TARRANT , SANSOM PARK
 TARRANT , SOUTHLAKE
 TARRANT , WATAUGA
 TARRANT , WESTOVER HILLS
 TARRANT , WESTWORTH VILLAGE
 TARRANT , WHITE SETTLEMENT
 TAYLOR , ABILENE
 TAYLOR , BUFFALO GAP
 TAYLOR , IMPACT
 TAYLOR , LAWN
 TAYLOR , MERKEL
 TAYLOR , OVALO
 TAYLOR , POTOSI
 TAYLOR , TRENT
 TAYLOR , TUSCOLA
 TAYLOR , TYE
 TERRELL , DRYDEN
 TERRELL , SANDERSON
 TERRY , BROWNFIELD
 TERRY , MEADOW
 TERRY , TOKIO
 TERRY , WELLMAN
 THROCKMORTON , THROCKMORTON
 THROCKMORTON , WOODSON
 TITUS , COOKVILLE
 TITUS , MOUNT PLEASANT
 TITUS , TALCO
 TITUS , WINFIELD
 TOM GREEN , CARLSBAD
 TOM GREEN , CHRISTOVAL
 TOM GREEN , MERETA
 TOM GREEN , SAN ANGELO
 TOM GREEN , VANCOURT
 TOM GREEN , WALL
 TRAVIS , AUSTIN
 TRAVIS , DEL VALLEY
 TRAVIS , GARFIELD
 TRAVIS , JOLLYVILLE
 TRAVIS , JONESTOWN
 TRAVIS , LAGO VISTA
 TRAVIS , LAKEWAY
 TRAVIS , MANCHACA
 TRAVIS , PFLUGERVILLE
 TRAVIS , ROLLINGWOOD
 TRAVIS , WEST LAKE HILLS
 TRINITY , APPLE SPRINGS
 TRINITY , GLENDALE
 TRINITY , GROVETON
 TRINITY , TRINITY
 TYLER , CHESTER
 TYLER , COLMESNEIL
 TYLER , FRED
 TYLER , SPURGER
 TYLER , WARREN
 TYLER , WOODVILLE
 UPSHUR , BETTIE
 UPSHUR , BIG SANDY
 UPSHUR , DIANA
 UPSHUR , EAST MOUNTAIN
 UPSHUR , GILMER
 UPSHUR , ORE CITY
 UPSHUR , UNION GROVE
 UPTON , MCCAMEY
 UPTON , RANKIN
 UVALDE , SABINAL
 UVALDE , UTOPIA
 UVALDE , UVALDE
 VAL VERDE , COMSTOCK
 VAL VERDE , DEL RIO
 VAL VERDE , LANGTRY
 VAL VERDE , PANDALE
 VAN ZANDT , BEN WHEELER
 VAN ZANDT , CANTON
 VAN ZANDT , EDGEWOOD
 VAN ZANDT , EDOM
 VAN ZANDT , FRUITVALE
 VAN ZANDT , GRAND SALINE
 VAN ZANDT , VAN
 VAN ZANDT , WILLS POINT
 VICTORIA , BLOOMINGTON
 VICTORIA , INEZ
 VICTORIA , VICTORIA
 WALKER , HUNTSVILLE
 WALKER , NEW WAVERLY
 WALLER , BROOKSHIRE
 WALLER , HEMPSTEAD
 WALLER , KATY
 WALLER , PATTISON
 WALLER , PRAIRIE VIEW
 WALLER , WALLER
 WARD , BARSTOW
 WARD , GRANDFALLS
 WARD , MONAHANS
 WARD , PYOTE
 WARD , THORNTONVILLE
 WARD , WICKETT
 WASHINGTON , BRENHAM
 WASHINGTON , BURTON
 WASHINGTON , CHAPPELL HILL
 WASHINGTON , INDEPENDENCE
 WEBB , BOTINES
 WEBB , BRUNI
 WEBB , EL CENIZO
 WEBB , LA PRESA
 WEBB , LAREDO
 WEBB , LAREDO RANCHETTES
 WEBB , LARGA VISTA
 WEBB , MIRANDO CITY
 WEBB , OILTON
 WEBB , RANCHITOS LAS LOMAS
 WEBB , RANCHOS PENITAS WEST
 WEBB , RIO BRAVO
 WHARTON , BOLING
 WHARTON , EAST BERNARD
 WHARTON , EL CAMPO
 WHARTON , LOUISE
 WHARTON , NEWGULF
 WHARTON , WHARTON
 WHEELER , BRISCOE
 WHEELER , MOBEETIE
 WHEELER , SHAMROCK
 WHEELER , WHEELER
 WICHITA , BURKBURNETT
 WICHITA , ELECTRA
 WICHITA , IOWA PARK
 WICHITA , WICHITA FALLS
 WILBARGER , FARGO
 WILBARGER , HARROLD
 WILBARGER , LOCKETT
 WILBARGER , OKLAUNION
 WILBARGER , VERNON
 WILLACY , LYFORD
 WILLACY , PORT MANSFIELD
 WILLACY , RAYMONDVILLE
 WILLACY , SAN PERLITA
 WILLACY , SEBASTIAN
 WILLIAMSON , CEDAR PARK
 WILLIAMSON , FLORENCE
 WILLIAMSON , GEORGETOWN
 WILLIAMSON , GRANGER
 WILLIAMSON , HUTTO
 WILLIAMSON , JARRELL
 WILLIAMSON , LEANDER
 WILLIAMSON , ROUND ROCK
 WILLIAMSON , TAYLOR
 WILLIAMSON , THRALL
 WILSON , FLORESVILLE
 WILSON , LA VERNIA
 WILSON , POTH
 WILSON , STOCKDALE
 WINKLER , KERMIT
 WINKLER , WINK
 WISE , ALVORD
 WISE , AURORA
 WISE , BOYD
 WISE , BRIAR
 WISE , BRIDGEPORT
 WISE , CHICO
 WISE , DECATUR
 WISE , FAIRVIEW
 WISE , NEWARK
 WISE , PARADISE
 WISE , RHOME
 WISE , RUNAWAY BAY
 WOOD , ALBA
 WOOD , HAWKINS
 WOOD , MINEOLA
 WOOD , QUITMAN
 WOOD , YANTIS
 YOAKUM , DENVER CITY
 YOAKUM , PLAINS
 YOUNG , GRAHAM
 YOUNG , JEAN
 YOUNG , LOVING
 YOUNG , NEWCASTLE
 YOUNG , OLNEY
 ZAPATA , ZAPATA
 ZAVALA , BATESVILLE
 ZAVALA , CRYSTAL CITY
 ZAVALA , LA PRYOR